unique_id,ds,y
world_bank_pink_sheet_monthly_arabica,1960-01-01,0.94
world_bank_pink_sheet_monthly_arabica,1960-02-01,0.95
world_bank_pink_sheet_monthly_arabica,1960-03-01,0.93
world_bank_pink_sheet_monthly_arabica,1960-04-01,0.93
world_bank_pink_sheet_monthly_arabica,1960-05-01,0.92
world_bank_pink_sheet_monthly_arabica,1960-06-01,0.91
world_bank_pink_sheet_monthly_arabica,1960-07-01,0.92
world_bank_pink_sheet_monthly_arabica,1960-08-01,0.93
world_bank_pink_sheet_monthly_arabica,1960-09-01,0.92
world_bank_pink_sheet_monthly_arabica,1960-10-01,0.92
world_bank_pink_sheet_monthly_arabica,1960-11-01,0.91
world_bank_pink_sheet_monthly_arabica,1960-12-01,0.9
world_bank_pink_sheet_monthly_arabica,1961-01-01,0.91
world_bank_pink_sheet_monthly_arabica,1961-02-01,0.92
world_bank_pink_sheet_monthly_arabica,1961-03-01,0.91
world_bank_pink_sheet_monthly_arabica,1961-04-01,0.9
world_bank_pink_sheet_monthly_arabica,1961-05-01,0.89
world_bank_pink_sheet_monthly_arabica,1961-06-01,0.89
world_bank_pink_sheet_monthly_arabica,1961-07-01,0.89
world_bank_pink_sheet_monthly_arabica,1961-08-01,0.89
world_bank_pink_sheet_monthly_arabica,1961-09-01,0.89
world_bank_pink_sheet_monthly_arabica,1961-10-01,0.89
world_bank_pink_sheet_monthly_arabica,1961-11-01,0.88
world_bank_pink_sheet_monthly_arabica,1961-12-01,0.88
world_bank_pink_sheet_monthly_arabica,1962-01-01,0.88
world_bank_pink_sheet_monthly_arabica,1962-02-01,0.88
world_bank_pink_sheet_monthly_arabica,1962-03-01,0.86
world_bank_pink_sheet_monthly_arabica,1962-04-01,0.85
world_bank_pink_sheet_monthly_arabica,1962-05-01,0.83
world_bank_pink_sheet_monthly_arabica,1962-06-01,0.8
world_bank_pink_sheet_monthly_arabica,1962-07-01,0.81
world_bank_pink_sheet_monthly_arabica,1962-08-01,0.82
world_bank_pink_sheet_monthly_arabica,1962-09-01,0.83
world_bank_pink_sheet_monthly_arabica,1962-10-01,0.81
world_bank_pink_sheet_monthly_arabica,1962-11-01,0.81
world_bank_pink_sheet_monthly_arabica,1962-12-01,0.82
world_bank_pink_sheet_monthly_arabica,1963-01-01,0.83
world_bank_pink_sheet_monthly_arabica,1963-02-01,0.8
world_bank_pink_sheet_monthly_arabica,1963-03-01,0.81
world_bank_pink_sheet_monthly_arabica,1963-04-01,0.81
world_bank_pink_sheet_monthly_arabica,1963-05-01,0.8
world_bank_pink_sheet_monthly_arabica,1963-06-01,0.8
world_bank_pink_sheet_monthly_arabica,1963-07-01,0.81
world_bank_pink_sheet_monthly_arabica,1963-08-01,0.8
world_bank_pink_sheet_monthly_arabica,1963-09-01,0.8
world_bank_pink_sheet_monthly_arabica,1963-10-01,0.8
world_bank_pink_sheet_monthly_arabica,1963-11-01,0.81
world_bank_pink_sheet_monthly_arabica,1963-12-01,0.8
world_bank_pink_sheet_monthly_arabica,1964-01-01,0.93
world_bank_pink_sheet_monthly_arabica,1964-02-01,0.94
world_bank_pink_sheet_monthly_arabica,1964-03-01,1.04
world_bank_pink_sheet_monthly_arabica,1964-04-01,1
world_bank_pink_sheet_monthly_arabica,1964-05-01,1.02
world_bank_pink_sheet_monthly_arabica,1964-06-01,1.01
world_bank_pink_sheet_monthly_arabica,1964-07-01,1.02
world_bank_pink_sheet_monthly_arabica,1964-08-01,1.05
world_bank_pink_sheet_monthly_arabica,1964-09-01,1.04
world_bank_pink_sheet_monthly_arabica,1964-10-01,1.04
world_bank_pink_sheet_monthly_arabica,1964-11-01,1.03
world_bank_pink_sheet_monthly_arabica,1964-12-01,1.01
world_bank_pink_sheet_monthly_arabica,1965-01-01,1.01
world_bank_pink_sheet_monthly_arabica,1965-02-01,1.04
world_bank_pink_sheet_monthly_arabica,1965-03-01,0.99
world_bank_pink_sheet_monthly_arabica,1965-04-01,0.97
world_bank_pink_sheet_monthly_arabica,1965-05-01,0.96
world_bank_pink_sheet_monthly_arabica,1965-06-01,0.98
world_bank_pink_sheet_monthly_arabica,1965-07-01,0.98
world_bank_pink_sheet_monthly_arabica,1965-08-01,1
world_bank_pink_sheet_monthly_arabica,1965-09-01,1
world_bank_pink_sheet_monthly_arabica,1965-10-01,1.01
world_bank_pink_sheet_monthly_arabica,1965-11-01,1.03
world_bank_pink_sheet_monthly_arabica,1965-12-01,1.03
world_bank_pink_sheet_monthly_arabica,1966-01-01,1.01
world_bank_pink_sheet_monthly_arabica,1966-02-01,0.97
world_bank_pink_sheet_monthly_arabica,1966-03-01,0.95
world_bank_pink_sheet_monthly_arabica,1966-04-01,0.95
world_bank_pink_sheet_monthly_arabica,1966-05-01,0.95
world_bank_pink_sheet_monthly_arabica,1966-06-01,0.92
world_bank_pink_sheet_monthly_arabica,1966-07-01,0.92
world_bank_pink_sheet_monthly_arabica,1966-08-01,0.92
world_bank_pink_sheet_monthly_arabica,1966-09-01,0.9
world_bank_pink_sheet_monthly_arabica,1966-10-01,0.89
world_bank_pink_sheet_monthly_arabica,1966-11-01,0.89
world_bank_pink_sheet_monthly_arabica,1966-12-01,0.87
world_bank_pink_sheet_monthly_arabica,1967-01-01,0.85
world_bank_pink_sheet_monthly_arabica,1967-02-01,0.84
world_bank_pink_sheet_monthly_arabica,1967-03-01,0.82
world_bank_pink_sheet_monthly_arabica,1967-04-01,0.85
world_bank_pink_sheet_monthly_arabica,1967-05-01,0.89
world_bank_pink_sheet_monthly_arabica,1967-06-01,0.91
world_bank_pink_sheet_monthly_arabica,1967-07-01,0.9
world_bank_pink_sheet_monthly_arabica,1967-08-01,0.88
world_bank_pink_sheet_monthly_arabica,1967-09-01,0.86
world_bank_pink_sheet_monthly_arabica,1967-10-01,0.85
world_bank_pink_sheet_monthly_arabica,1967-11-01,0.87
world_bank_pink_sheet_monthly_arabica,1967-12-01,0.85
world_bank_pink_sheet_monthly_arabica,1968-01-01,0.87
world_bank_pink_sheet_monthly_arabica,1968-02-01,0.87
world_bank_pink_sheet_monthly_arabica,1968-03-01,0.88
world_bank_pink_sheet_monthly_arabica,1968-04-01,0.89
world_bank_pink_sheet_monthly_arabica,1968-05-01,0.88
world_bank_pink_sheet_monthly_arabica,1968-06-01,0.89
world_bank_pink_sheet_monthly_arabica,1968-07-01,0.88
world_bank_pink_sheet_monthly_arabica,1968-08-01,0.87
world_bank_pink_sheet_monthly_arabica,1968-09-01,0.85
world_bank_pink_sheet_monthly_arabica,1968-10-01,0.85
world_bank_pink_sheet_monthly_arabica,1968-11-01,0.85
world_bank_pink_sheet_monthly_arabica,1968-12-01,0.83
world_bank_pink_sheet_monthly_arabica,1969-01-01,0.83
world_bank_pink_sheet_monthly_arabica,1969-02-01,0.84
world_bank_pink_sheet_monthly_arabica,1969-03-01,0.83
world_bank_pink_sheet_monthly_arabica,1969-04-01,0.81
world_bank_pink_sheet_monthly_arabica,1969-05-01,0.81
world_bank_pink_sheet_monthly_arabica,1969-06-01,0.8
world_bank_pink_sheet_monthly_arabica,1969-07-01,0.78
world_bank_pink_sheet_monthly_arabica,1969-08-01,0.81
world_bank_pink_sheet_monthly_arabica,1969-09-01,0.9
world_bank_pink_sheet_monthly_arabica,1969-10-01,1.04
world_bank_pink_sheet_monthly_arabica,1969-11-01,1.02
world_bank_pink_sheet_monthly_arabica,1969-12-01,1.05
world_bank_pink_sheet_monthly_arabica,1970-01-01,1.14
world_bank_pink_sheet_monthly_arabica,1970-02-01,1.15
world_bank_pink_sheet_monthly_arabica,1970-03-01,1.17
world_bank_pink_sheet_monthly_arabica,1970-04-01,1.2
world_bank_pink_sheet_monthly_arabica,1970-05-01,1.22
world_bank_pink_sheet_monthly_arabica,1970-06-01,1.21
world_bank_pink_sheet_monthly_arabica,1970-07-01,1.21
world_bank_pink_sheet_monthly_arabica,1970-08-01,1.18
world_bank_pink_sheet_monthly_arabica,1970-09-01,1.16
world_bank_pink_sheet_monthly_arabica,1970-10-01,1.12
world_bank_pink_sheet_monthly_arabica,1970-11-01,1.03
world_bank_pink_sheet_monthly_arabica,1970-12-01,0.98
world_bank_pink_sheet_monthly_arabica,1971-01-01,1
world_bank_pink_sheet_monthly_arabica,1971-02-01,0.98
world_bank_pink_sheet_monthly_arabica,1971-03-01,1.01
world_bank_pink_sheet_monthly_arabica,1971-04-01,0.99
world_bank_pink_sheet_monthly_arabica,1971-05-01,1.02
world_bank_pink_sheet_monthly_arabica,1971-06-01,1
world_bank_pink_sheet_monthly_arabica,1971-07-01,0.99
world_bank_pink_sheet_monthly_arabica,1971-08-01,1.01
world_bank_pink_sheet_monthly_arabica,1971-09-01,0.96
world_bank_pink_sheet_monthly_arabica,1971-10-01,0.94
world_bank_pink_sheet_monthly_arabica,1971-11-01,0.97
world_bank_pink_sheet_monthly_arabica,1971-12-01,1.02
world_bank_pink_sheet_monthly_arabica,1972-01-01,0.99
world_bank_pink_sheet_monthly_arabica,1972-02-01,1
world_bank_pink_sheet_monthly_arabica,1972-03-01,1.02
world_bank_pink_sheet_monthly_arabica,1972-04-01,1.01
world_bank_pink_sheet_monthly_arabica,1972-05-01,1.04
world_bank_pink_sheet_monthly_arabica,1972-06-01,1.07
world_bank_pink_sheet_monthly_arabica,1972-07-01,1.24
world_bank_pink_sheet_monthly_arabica,1972-08-01,1.2
world_bank_pink_sheet_monthly_arabica,1972-09-01,1.17
world_bank_pink_sheet_monthly_arabica,1972-10-01,1.18
world_bank_pink_sheet_monthly_arabica,1972-11-01,1.19
world_bank_pink_sheet_monthly_arabica,1972-12-01,1.22
world_bank_pink_sheet_monthly_arabica,1973-01-01,1.28
world_bank_pink_sheet_monthly_arabica,1973-02-01,1.45
world_bank_pink_sheet_monthly_arabica,1973-03-01,1.42
world_bank_pink_sheet_monthly_arabica,1973-04-01,1.29
world_bank_pink_sheet_monthly_arabica,1973-05-01,1.42
world_bank_pink_sheet_monthly_arabica,1973-06-01,1.41
world_bank_pink_sheet_monthly_arabica,1973-07-01,1.36
world_bank_pink_sheet_monthly_arabica,1973-08-01,1.33
world_bank_pink_sheet_monthly_arabica,1973-09-01,1.33
world_bank_pink_sheet_monthly_arabica,1973-10-01,1.38
world_bank_pink_sheet_monthly_arabica,1973-11-01,1.39
world_bank_pink_sheet_monthly_arabica,1973-12-01,1.42
world_bank_pink_sheet_monthly_arabica,1974-01-01,1.53
world_bank_pink_sheet_monthly_arabica,1974-02-01,1.65
world_bank_pink_sheet_monthly_arabica,1974-03-01,1.58
world_bank_pink_sheet_monthly_arabica,1974-04-01,1.55
world_bank_pink_sheet_monthly_arabica,1974-05-01,1.57
world_bank_pink_sheet_monthly_arabica,1974-06-01,1.59
world_bank_pink_sheet_monthly_arabica,1974-07-01,1.52
world_bank_pink_sheet_monthly_arabica,1974-08-01,1.38
world_bank_pink_sheet_monthly_arabica,1974-09-01,1.2
world_bank_pink_sheet_monthly_arabica,1974-10-01,1.25
world_bank_pink_sheet_monthly_arabica,1974-11-01,1.31
world_bank_pink_sheet_monthly_arabica,1974-12-01,1.3
world_bank_pink_sheet_monthly_arabica,1975-01-01,1.23
world_bank_pink_sheet_monthly_arabica,1975-02-01,1.18
world_bank_pink_sheet_monthly_arabica,1975-03-01,1.1
world_bank_pink_sheet_monthly_arabica,1975-04-01,1.05
world_bank_pink_sheet_monthly_arabica,1975-05-01,1.12
world_bank_pink_sheet_monthly_arabica,1975-06-01,1.23
world_bank_pink_sheet_monthly_arabica,1975-07-01,1.45
world_bank_pink_sheet_monthly_arabica,1975-08-01,1.84
world_bank_pink_sheet_monthly_arabica,1975-09-01,1.78
world_bank_pink_sheet_monthly_arabica,1975-10-01,1.77
world_bank_pink_sheet_monthly_arabica,1975-11-01,1.71
world_bank_pink_sheet_monthly_arabica,1975-12-01,1.84
world_bank_pink_sheet_monthly_arabica,1976-01-01,2.05
world_bank_pink_sheet_monthly_arabica,1976-02-01,2.19
world_bank_pink_sheet_monthly_arabica,1976-03-01,2.2
world_bank_pink_sheet_monthly_arabica,1976-04-01,2.7
world_bank_pink_sheet_monthly_arabica,1976-05-01,2.99
world_bank_pink_sheet_monthly_arabica,1976-06-01,3.3
world_bank_pink_sheet_monthly_arabica,1976-07-01,3.03
world_bank_pink_sheet_monthly_arabica,1976-08-01,3.38
world_bank_pink_sheet_monthly_arabica,1976-09-01,3.51
world_bank_pink_sheet_monthly_arabica,1976-10-01,3.82
world_bank_pink_sheet_monthly_arabica,1976-11-01,4.03
world_bank_pink_sheet_monthly_arabica,1976-12-01,4.57
world_bank_pink_sheet_monthly_arabica,1977-01-01,4.83
world_bank_pink_sheet_monthly_arabica,1977-02-01,5.41
world_bank_pink_sheet_monthly_arabica,1977-03-01,6.71
world_bank_pink_sheet_monthly_arabica,1977-04-01,7
world_bank_pink_sheet_monthly_arabica,1977-05-01,6.29
world_bank_pink_sheet_monthly_arabica,1977-06-01,5.78
world_bank_pink_sheet_monthly_arabica,1977-07-01,4.85
world_bank_pink_sheet_monthly_arabica,1977-08-01,4.4
world_bank_pink_sheet_monthly_arabica,1977-09-01,4.18
world_bank_pink_sheet_monthly_arabica,1977-10-01,3.77
world_bank_pink_sheet_monthly_arabica,1977-11-01,4.35
world_bank_pink_sheet_monthly_arabica,1977-12-01,4.47
world_bank_pink_sheet_monthly_arabica,1978-01-01,4.55
world_bank_pink_sheet_monthly_arabica,1978-02-01,4.36
world_bank_pink_sheet_monthly_arabica,1978-03-01,3.86
world_bank_pink_sheet_monthly_arabica,1978-04-01,3.94
world_bank_pink_sheet_monthly_arabica,1978-05-01,3.74
world_bank_pink_sheet_monthly_arabica,1978-06-01,3.71
world_bank_pink_sheet_monthly_arabica,1978-07-01,2.95
world_bank_pink_sheet_monthly_arabica,1978-08-01,3.05
world_bank_pink_sheet_monthly_arabica,1978-09-01,3.42
world_bank_pink_sheet_monthly_arabica,1978-10-01,3.4
world_bank_pink_sheet_monthly_arabica,1978-11-01,3.22
world_bank_pink_sheet_monthly_arabica,1978-12-01,2.89
world_bank_pink_sheet_monthly_arabica,1979-01-01,2.83
world_bank_pink_sheet_monthly_arabica,1979-02-01,2.71
world_bank_pink_sheet_monthly_arabica,1979-03-01,2.87
world_bank_pink_sheet_monthly_arabica,1979-04-01,3.06
world_bank_pink_sheet_monthly_arabica,1979-05-01,3.3
world_bank_pink_sheet_monthly_arabica,1979-06-01,4.26
world_bank_pink_sheet_monthly_arabica,1979-07-01,4.49
world_bank_pink_sheet_monthly_arabica,1979-08-01,4.35
world_bank_pink_sheet_monthly_arabica,1979-09-01,4.57
world_bank_pink_sheet_monthly_arabica,1979-10-01,4.62
world_bank_pink_sheet_monthly_arabica,1979-11-01,4.56
world_bank_pink_sheet_monthly_arabica,1979-12-01,4.28
world_bank_pink_sheet_monthly_arabica,1980-01-01,3.81
world_bank_pink_sheet_monthly_arabica,1980-02-01,3.71
world_bank_pink_sheet_monthly_arabica,1980-03-01,4.12
world_bank_pink_sheet_monthly_arabica,1980-04-01,4.05
world_bank_pink_sheet_monthly_arabica,1980-05-01,4.23
world_bank_pink_sheet_monthly_arabica,1980-06-01,4.05
world_bank_pink_sheet_monthly_arabica,1980-07-01,3.52
world_bank_pink_sheet_monthly_arabica,1980-08-01,3.1
world_bank_pink_sheet_monthly_arabica,1980-09-01,2.86
world_bank_pink_sheet_monthly_arabica,1980-10-01,2.84
world_bank_pink_sheet_monthly_arabica,1980-11-01,2.6
world_bank_pink_sheet_monthly_arabica,1980-12-01,2.72
world_bank_pink_sheet_monthly_arabica,1981-01-01,2.89
world_bank_pink_sheet_monthly_arabica,1981-02-01,2.85
world_bank_pink_sheet_monthly_arabica,1981-03-01,2.86
world_bank_pink_sheet_monthly_arabica,1981-04-01,2.89
world_bank_pink_sheet_monthly_arabica,1981-05-01,2.83
world_bank_pink_sheet_monthly_arabica,1981-06-01,2.51
world_bank_pink_sheet_monthly_arabica,1981-07-01,2.67
world_bank_pink_sheet_monthly_arabica,1981-08-01,2.78
world_bank_pink_sheet_monthly_arabica,1981-09-01,2.8
world_bank_pink_sheet_monthly_arabica,1981-10-01,3.02
world_bank_pink_sheet_monthly_arabica,1981-11-01,3.18
world_bank_pink_sheet_monthly_arabica,1981-12-01,3.13
world_bank_pink_sheet_monthly_arabica,1982-01-01,3.18
world_bank_pink_sheet_monthly_arabica,1982-02-01,3.4
world_bank_pink_sheet_monthly_arabica,1982-03-01,3.22
world_bank_pink_sheet_monthly_arabica,1982-04-01,3.12
world_bank_pink_sheet_monthly_arabica,1982-05-01,3.03
world_bank_pink_sheet_monthly_arabica,1982-06-01,3.1
world_bank_pink_sheet_monthly_arabica,1982-07-01,2.94
world_bank_pink_sheet_monthly_arabica,1982-08-01,2.93
world_bank_pink_sheet_monthly_arabica,1982-09-01,3
world_bank_pink_sheet_monthly_arabica,1982-10-01,3.1
world_bank_pink_sheet_monthly_arabica,1982-11-01,3.05
world_bank_pink_sheet_monthly_arabica,1982-12-01,2.97
world_bank_pink_sheet_monthly_arabica,1983-01-01,2.87
world_bank_pink_sheet_monthly_arabica,1983-02-01,2.8
world_bank_pink_sheet_monthly_arabica,1983-03-01,2.76
world_bank_pink_sheet_monthly_arabica,1983-04-01,2.75
world_bank_pink_sheet_monthly_arabica,1983-05-01,2.83
world_bank_pink_sheet_monthly_arabica,1983-06-01,2.81
world_bank_pink_sheet_monthly_arabica,1983-07-01,2.83
world_bank_pink_sheet_monthly_arabica,1983-08-01,2.86
world_bank_pink_sheet_monthly_arabica,1983-09-01,2.92
world_bank_pink_sheet_monthly_arabica,1983-10-01,3.1
world_bank_pink_sheet_monthly_arabica,1983-11-01,3.19
world_bank_pink_sheet_monthly_arabica,1983-12-01,3.23
world_bank_pink_sheet_monthly_arabica,1984-01-01,3.17
world_bank_pink_sheet_monthly_arabica,1984-02-01,3.22
world_bank_pink_sheet_monthly_arabica,1984-03-01,3.27
world_bank_pink_sheet_monthly_arabica,1984-04-01,3.31
world_bank_pink_sheet_monthly_arabica,1984-05-01,3.31
world_bank_pink_sheet_monthly_arabica,1984-06-01,3.25
world_bank_pink_sheet_monthly_arabica,1984-07-01,3.18
world_bank_pink_sheet_monthly_arabica,1984-08-01,3.21
world_bank_pink_sheet_monthly_arabica,1984-09-01,3.14
world_bank_pink_sheet_monthly_arabica,1984-10-01,3.02
world_bank_pink_sheet_monthly_arabica,1984-11-01,3.09
world_bank_pink_sheet_monthly_arabica,1984-12-01,3.1
world_bank_pink_sheet_monthly_arabica,1985-01-01,3.21
world_bank_pink_sheet_monthly_arabica,1985-02-01,3.18
world_bank_pink_sheet_monthly_arabica,1985-03-01,3.26
world_bank_pink_sheet_monthly_arabica,1985-04-01,3.12
world_bank_pink_sheet_monthly_arabica,1985-05-01,3.15
world_bank_pink_sheet_monthly_arabica,1985-06-01,3.13
world_bank_pink_sheet_monthly_arabica,1985-07-01,2.98
world_bank_pink_sheet_monthly_arabica,1985-08-01,2.94
world_bank_pink_sheet_monthly_arabica,1985-09-01,2.94
world_bank_pink_sheet_monthly_arabica,1985-10-01,3.1
world_bank_pink_sheet_monthly_arabica,1985-11-01,3.43
world_bank_pink_sheet_monthly_arabica,1985-12-01,4.34
world_bank_pink_sheet_monthly_arabica,1986-01-01,5.24
world_bank_pink_sheet_monthly_arabica,1986-02-01,5.03
world_bank_pink_sheet_monthly_arabica,1986-03-01,5.28
world_bank_pink_sheet_monthly_arabica,1986-04-01,4.98
world_bank_pink_sheet_monthly_arabica,1986-05-01,4.66
world_bank_pink_sheet_monthly_arabica,1986-06-01,3.9
world_bank_pink_sheet_monthly_arabica,1986-07-01,3.8
world_bank_pink_sheet_monthly_arabica,1986-08-01,3.83
world_bank_pink_sheet_monthly_arabica,1986-09-01,4.4
world_bank_pink_sheet_monthly_arabica,1986-10-01,3.92
world_bank_pink_sheet_monthly_arabica,1986-11-01,3.45
world_bank_pink_sheet_monthly_arabica,1986-12-01,3
world_bank_pink_sheet_monthly_arabica,1987-01-01,2.72
world_bank_pink_sheet_monthly_arabica,1987-02-01,2.66
world_bank_pink_sheet_monthly_arabica,1987-03-01,2.29
world_bank_pink_sheet_monthly_arabica,1987-04-01,2.37
world_bank_pink_sheet_monthly_arabica,1987-05-01,2.59
world_bank_pink_sheet_monthly_arabica,1987-06-01,2.32
world_bank_pink_sheet_monthly_arabica,1987-07-01,2.2
world_bank_pink_sheet_monthly_arabica,1987-08-01,2.25
world_bank_pink_sheet_monthly_arabica,1987-09-01,2.44
world_bank_pink_sheet_monthly_arabica,1987-10-01,2.63
world_bank_pink_sheet_monthly_arabica,1987-11-01,2.79
world_bank_pink_sheet_monthly_arabica,1987-12-01,2.8
world_bank_pink_sheet_monthly_arabica,1988-01-01,2.82
world_bank_pink_sheet_monthly_arabica,1988-02-01,3.05
world_bank_pink_sheet_monthly_arabica,1988-03-01,3.01
world_bank_pink_sheet_monthly_arabica,1988-04-01,3.01
world_bank_pink_sheet_monthly_arabica,1988-05-01,3.06
world_bank_pink_sheet_monthly_arabica,1988-06-01,3.17
world_bank_pink_sheet_monthly_arabica,1988-07-01,3.13
world_bank_pink_sheet_monthly_arabica,1988-08-01,2.92
world_bank_pink_sheet_monthly_arabica,1988-09-01,3.04
world_bank_pink_sheet_monthly_arabica,1988-10-01,2.95
world_bank_pink_sheet_monthly_arabica,1988-11-01,2.98
world_bank_pink_sheet_monthly_arabica,1988-12-01,3.25
world_bank_pink_sheet_monthly_arabica,1989-01-01,3.36
world_bank_pink_sheet_monthly_arabica,1989-02-01,3.09
world_bank_pink_sheet_monthly_arabica,1989-03-01,3.1
world_bank_pink_sheet_monthly_arabica,1989-04-01,3.17
world_bank_pink_sheet_monthly_arabica,1989-05-01,3.1
world_bank_pink_sheet_monthly_arabica,1989-06-01,2.76
world_bank_pink_sheet_monthly_arabica,1989-07-01,1.94
world_bank_pink_sheet_monthly_arabica,1989-08-01,1.73
world_bank_pink_sheet_monthly_arabica,1989-09-01,1.73
world_bank_pink_sheet_monthly_arabica,1989-10-01,1.51
world_bank_pink_sheet_monthly_arabica,1989-11-01,1.56
world_bank_pink_sheet_monthly_arabica,1989-12-01,1.6
world_bank_pink_sheet_monthly_arabica,1990-01-01,1.68
world_bank_pink_sheet_monthly_arabica,1990-02-01,1.85
world_bank_pink_sheet_monthly_arabica,1990-03-01,2.09
world_bank_pink_sheet_monthly_arabica,1990-04-01,2.09
world_bank_pink_sheet_monthly_arabica,1990-05-01,2.05
world_bank_pink_sheet_monthly_arabica,1990-06-01,1.97
world_bank_pink_sheet_monthly_arabica,1990-07-01,1.91
world_bank_pink_sheet_monthly_arabica,1990-08-01,2.08
world_bank_pink_sheet_monthly_arabica,1990-09-01,2.1
world_bank_pink_sheet_monthly_arabica,1990-10-01,2.02
world_bank_pink_sheet_monthly_arabica,1990-11-01,1.87
world_bank_pink_sheet_monthly_arabica,1990-12-01,1.97
world_bank_pink_sheet_monthly_arabica,1991-01-01,1.89
world_bank_pink_sheet_monthly_arabica,1991-02-01,1.97
world_bank_pink_sheet_monthly_arabica,1991-03-01,2.06
world_bank_pink_sheet_monthly_arabica,1991-04-01,2.03
world_bank_pink_sheet_monthly_arabica,1991-05-01,1.94
world_bank_pink_sheet_monthly_arabica,1991-06-01,1.89
world_bank_pink_sheet_monthly_arabica,1991-07-01,1.84
world_bank_pink_sheet_monthly_arabica,1991-08-01,1.8
world_bank_pink_sheet_monthly_arabica,1991-09-01,1.92
world_bank_pink_sheet_monthly_arabica,1991-10-01,1.76
world_bank_pink_sheet_monthly_arabica,1991-11-01,1.72
world_bank_pink_sheet_monthly_arabica,1991-12-01,1.66
world_bank_pink_sheet_monthly_arabica,1992-01-01,1.62
world_bank_pink_sheet_monthly_arabica,1992-02-01,1.51
world_bank_pink_sheet_monthly_arabica,1992-03-01,1.55
world_bank_pink_sheet_monthly_arabica,1992-04-01,1.45
world_bank_pink_sheet_monthly_arabica,1992-05-01,1.34
world_bank_pink_sheet_monthly_arabica,1992-06-01,1.3
world_bank_pink_sheet_monthly_arabica,1992-07-01,1.28
world_bank_pink_sheet_monthly_arabica,1992-08-01,1.17
world_bank_pink_sheet_monthly_arabica,1992-09-01,1.17
world_bank_pink_sheet_monthly_arabica,1992-10-01,1.36
world_bank_pink_sheet_monthly_arabica,1992-11-01,1.48
world_bank_pink_sheet_monthly_arabica,1992-12-01,1.7
world_bank_pink_sheet_monthly_arabica,1993-01-01,1.53
world_bank_pink_sheet_monthly_arabica,1993-02-01,1.49
world_bank_pink_sheet_monthly_arabica,1993-03-01,1.4
world_bank_pink_sheet_monthly_arabica,1993-04-01,1.28
world_bank_pink_sheet_monthly_arabica,1993-05-01,1.37
world_bank_pink_sheet_monthly_arabica,1993-06-01,1.38
world_bank_pink_sheet_monthly_arabica,1993-07-01,1.58
world_bank_pink_sheet_monthly_arabica,1993-08-01,1.7
world_bank_pink_sheet_monthly_arabica,1993-09-01,1.78
world_bank_pink_sheet_monthly_arabica,1993-10-01,1.69
world_bank_pink_sheet_monthly_arabica,1993-11-01,1.73
world_bank_pink_sheet_monthly_arabica,1993-12-01,1.79
world_bank_pink_sheet_monthly_arabica,1994-01-01,1.74
world_bank_pink_sheet_monthly_arabica,1994-02-01,1.85
world_bank_pink_sheet_monthly_arabica,1994-03-01,1.92
world_bank_pink_sheet_monthly_arabica,1994-04-01,2
world_bank_pink_sheet_monthly_arabica,1994-05-01,2.69
world_bank_pink_sheet_monthly_arabica,1994-06-01,3.16
world_bank_pink_sheet_monthly_arabica,1994-07-01,4.83
world_bank_pink_sheet_monthly_arabica,1994-08-01,4.42
world_bank_pink_sheet_monthly_arabica,1994-09-01,4.89
world_bank_pink_sheet_monthly_arabica,1994-10-01,4.45
world_bank_pink_sheet_monthly_arabica,1994-11-01,4.03
world_bank_pink_sheet_monthly_arabica,1994-12-01,3.72
world_bank_pink_sheet_monthly_arabica,1995-01-01,3.81
world_bank_pink_sheet_monthly_arabica,1995-02-01,3.74
world_bank_pink_sheet_monthly_arabica,1995-03-01,3.96
world_bank_pink_sheet_monthly_arabica,1995-04-01,3.84
world_bank_pink_sheet_monthly_arabica,1995-05-01,3.77
world_bank_pink_sheet_monthly_arabica,1995-06-01,3.41
world_bank_pink_sheet_monthly_arabica,1995-07-01,3.21
world_bank_pink_sheet_monthly_arabica,1995-08-01,3.38
world_bank_pink_sheet_monthly_arabica,1995-09-01,2.96
world_bank_pink_sheet_monthly_arabica,1995-10-01,2.81
world_bank_pink_sheet_monthly_arabica,1995-11-01,2.76
world_bank_pink_sheet_monthly_arabica,1995-12-01,2.34
world_bank_pink_sheet_monthly_arabica,1996-01-01,2.44
world_bank_pink_sheet_monthly_arabica,1996-02-01,2.74
world_bank_pink_sheet_monthly_arabica,1996-03-01,2.66
world_bank_pink_sheet_monthly_arabica,1996-04-01,2.72
world_bank_pink_sheet_monthly_arabica,1996-05-01,2.85
world_bank_pink_sheet_monthly_arabica,1996-06-01,2.77
world_bank_pink_sheet_monthly_arabica,1996-07-01,2.7
world_bank_pink_sheet_monthly_arabica,1996-08-01,2.78
world_bank_pink_sheet_monthly_arabica,1996-09-01,2.62
world_bank_pink_sheet_monthly_arabica,1996-10-01,2.74
world_bank_pink_sheet_monthly_arabica,1996-11-01,2.74
world_bank_pink_sheet_monthly_arabica,1996-12-01,2.58
world_bank_pink_sheet_monthly_arabica,1997-01-01,2.93
world_bank_pink_sheet_monthly_arabica,1997-02-01,3.71
world_bank_pink_sheet_monthly_arabica,1997-03-01,4.29
world_bank_pink_sheet_monthly_arabica,1997-04-01,4.56
world_bank_pink_sheet_monthly_arabica,1997-05-01,5.89
world_bank_pink_sheet_monthly_arabica,1997-06-01,4.89
world_bank_pink_sheet_monthly_arabica,1997-07-01,4.2
world_bank_pink_sheet_monthly_arabica,1997-08-01,4.21
world_bank_pink_sheet_monthly_arabica,1997-09-01,4.19
world_bank_pink_sheet_monthly_arabica,1997-10-01,3.7
world_bank_pink_sheet_monthly_arabica,1997-11-01,3.53
world_bank_pink_sheet_monthly_arabica,1997-12-01,3.91
world_bank_pink_sheet_monthly_arabica,1998-01-01,3.92
world_bank_pink_sheet_monthly_arabica,1998-02-01,3.93
world_bank_pink_sheet_monthly_arabica,1998-03-01,3.48
world_bank_pink_sheet_monthly_arabica,1998-04-01,3.31
world_bank_pink_sheet_monthly_arabica,1998-05-01,3.04
world_bank_pink_sheet_monthly_arabica,1998-06-01,2.75
world_bank_pink_sheet_monthly_arabica,1998-07-01,2.59
world_bank_pink_sheet_monthly_arabica,1998-08-01,2.72
world_bank_pink_sheet_monthly_arabica,1998-09-01,2.47
world_bank_pink_sheet_monthly_arabica,1998-10-01,2.42
world_bank_pink_sheet_monthly_arabica,1998-11-01,2.57
world_bank_pink_sheet_monthly_arabica,1998-12-01,2.59
world_bank_pink_sheet_monthly_arabica,1999-01-01,2.49
world_bank_pink_sheet_monthly_arabica,1999-02-01,2.33
world_bank_pink_sheet_monthly_arabica,1999-03-01,2.32
world_bank_pink_sheet_monthly_arabica,1999-04-01,2.25
world_bank_pink_sheet_monthly_arabica,1999-05-01,2.45
world_bank_pink_sheet_monthly_arabica,1999-06-01,2.36
world_bank_pink_sheet_monthly_arabica,1999-07-01,2.09
world_bank_pink_sheet_monthly_arabica,1999-08-01,2.01
world_bank_pink_sheet_monthly_arabica,1999-09-01,1.86
world_bank_pink_sheet_monthly_arabica,1999-10-01,2.08
world_bank_pink_sheet_monthly_arabica,1999-11-01,2.5
world_bank_pink_sheet_monthly_arabica,1999-12-01,2.74
world_bank_pink_sheet_monthly_arabica,2000-01-01,2.45
world_bank_pink_sheet_monthly_arabica,2000-02-01,2.28
world_bank_pink_sheet_monthly_arabica,2000-03-01,2.22
world_bank_pink_sheet_monthly_arabica,2000-04-01,2.09
world_bank_pink_sheet_monthly_arabica,2000-05-01,2.08
world_bank_pink_sheet_monthly_arabica,2000-06-01,1.91
world_bank_pink_sheet_monthly_arabica,2000-07-01,1.93
world_bank_pink_sheet_monthly_arabica,2000-08-01,1.7
world_bank_pink_sheet_monthly_arabica,2000-09-01,1.67
world_bank_pink_sheet_monthly_arabica,2000-10-01,1.69
world_bank_pink_sheet_monthly_arabica,2000-11-01,1.58
world_bank_pink_sheet_monthly_arabica,2000-12-01,1.46
world_bank_pink_sheet_monthly_arabica,2001-01-01,1.45
world_bank_pink_sheet_monthly_arabica,2001-02-01,1.48
world_bank_pink_sheet_monthly_arabica,2001-03-01,1.47
world_bank_pink_sheet_monthly_arabica,2001-04-01,1.46
world_bank_pink_sheet_monthly_arabica,2001-05-01,1.53
world_bank_pink_sheet_monthly_arabica,2001-06-01,1.41
world_bank_pink_sheet_monthly_arabica,2001-07-01,1.29
world_bank_pink_sheet_monthly_arabica,2001-08-01,1.32
world_bank_pink_sheet_monthly_arabica,2001-09-01,1.28
world_bank_pink_sheet_monthly_arabica,2001-10-01,1.24
world_bank_pink_sheet_monthly_arabica,2001-11-01,1.3
world_bank_pink_sheet_monthly_arabica,2001-12-01,1.25
world_bank_pink_sheet_monthly_arabica,2002-01-01,1.28
world_bank_pink_sheet_monthly_arabica,2002-02-01,1.3
world_bank_pink_sheet_monthly_arabica,2002-03-01,1.42
world_bank_pink_sheet_monthly_arabica,2002-04-01,1.44
world_bank_pink_sheet_monthly_arabica,2002-05-01,1.35
world_bank_pink_sheet_monthly_arabica,2002-06-01,1.29
world_bank_pink_sheet_monthly_arabica,2002-07-01,1.25
world_bank_pink_sheet_monthly_arabica,2002-08-01,1.2
world_bank_pink_sheet_monthly_arabica,2002-09-01,1.34
world_bank_pink_sheet_monthly_arabica,2002-10-01,1.45
world_bank_pink_sheet_monthly_arabica,2002-11-01,1.54
world_bank_pink_sheet_monthly_arabica,2002-12-01,1.41
world_bank_pink_sheet_monthly_arabica,2003-01-01,1.45
world_bank_pink_sheet_monthly_arabica,2003-02-01,1.46
world_bank_pink_sheet_monthly_arabica,2003-03-01,1.36
world_bank_pink_sheet_monthly_arabica,2003-04-01,1.43
world_bank_pink_sheet_monthly_arabica,2003-05-01,1.46
world_bank_pink_sheet_monthly_arabica,2003-06-01,1.35
world_bank_pink_sheet_monthly_arabica,2003-07-01,1.39
world_bank_pink_sheet_monthly_arabica,2003-08-01,1.41
world_bank_pink_sheet_monthly_arabica,2003-09-01,1.46
world_bank_pink_sheet_monthly_arabica,2003-10-01,1.42
world_bank_pink_sheet_monthly_arabica,2003-11-01,1.37
world_bank_pink_sheet_monthly_arabica,2003-12-01,1.43
world_bank_pink_sheet_monthly_arabica,2004-01-01,1.6
world_bank_pink_sheet_monthly_arabica,2004-02-01,1.68
world_bank_pink_sheet_monthly_arabica,2004-03-01,1.72
world_bank_pink_sheet_monthly_arabica,2004-04-01,1.66
world_bank_pink_sheet_monthly_arabica,2004-05-01,1.7
world_bank_pink_sheet_monthly_arabica,2004-06-01,1.81
world_bank_pink_sheet_monthly_arabica,2004-07-01,1.65
world_bank_pink_sheet_monthly_arabica,2004-08-01,1.62
world_bank_pink_sheet_monthly_arabica,2004-09-01,1.77
world_bank_pink_sheet_monthly_arabica,2004-10-01,1.78
world_bank_pink_sheet_monthly_arabica,2004-11-01,1.99
world_bank_pink_sheet_monthly_arabica,2004-12-01,2.3
world_bank_pink_sheet_monthly_arabica,2005-01-01,2.36
world_bank_pink_sheet_monthly_arabica,2005-02-01,2.66
world_bank_pink_sheet_monthly_arabica,2005-03-01,2.98
world_bank_pink_sheet_monthly_arabica,2005-04-01,2.86
world_bank_pink_sheet_monthly_arabica,2005-05-01,2.83
world_bank_pink_sheet_monthly_arabica,2005-06-01,2.67
world_bank_pink_sheet_monthly_arabica,2005-07-01,2.42
world_bank_pink_sheet_monthly_arabica,2005-08-01,2.39
world_bank_pink_sheet_monthly_arabica,2005-09-01,2.19
world_bank_pink_sheet_monthly_arabica,2005-10-01,2.32
world_bank_pink_sheet_monthly_arabica,2005-11-01,2.38
world_bank_pink_sheet_monthly_arabica,2005-12-01,2.33
world_bank_pink_sheet_monthly_arabica,2006-01-01,2.74
world_bank_pink_sheet_monthly_arabica,2006-02-01,2.63
world_bank_pink_sheet_monthly_arabica,2006-03-01,2.51
world_bank_pink_sheet_monthly_arabica,2006-04-01,2.54
world_bank_pink_sheet_monthly_arabica,2006-05-01,2.41
world_bank_pink_sheet_monthly_arabica,2006-06-01,2.27
world_bank_pink_sheet_monthly_arabica,2006-07-01,2.31
world_bank_pink_sheet_monthly_arabica,2006-08-01,2.46
world_bank_pink_sheet_monthly_arabica,2006-09-01,2.42
world_bank_pink_sheet_monthly_arabica,2006-10-01,2.44
world_bank_pink_sheet_monthly_arabica,2006-11-01,2.7
world_bank_pink_sheet_monthly_arabica,2006-12-01,2.83
world_bank_pink_sheet_monthly_arabica,2007-01-01,2.75
world_bank_pink_sheet_monthly_arabica,2007-02-01,2.69
world_bank_pink_sheet_monthly_arabica,2007-03-01,2.58
world_bank_pink_sheet_monthly_arabica,2007-04-01,2.53
world_bank_pink_sheet_monthly_arabica,2007-05-01,2.5
world_bank_pink_sheet_monthly_arabica,2007-06-01,2.63
world_bank_pink_sheet_monthly_arabica,2007-07-01,2.59
world_bank_pink_sheet_monthly_arabica,2007-08-01,2.72
world_bank_pink_sheet_monthly_arabica,2007-09-01,2.82
world_bank_pink_sheet_monthly_arabica,2007-10-01,2.96
world_bank_pink_sheet_monthly_arabica,2007-11-01,2.89
world_bank_pink_sheet_monthly_arabica,2007-12-01,3.03
world_bank_pink_sheet_monthly_arabica,2008-01-01,3.08
world_bank_pink_sheet_monthly_arabica,2008-02-01,3.47
world_bank_pink_sheet_monthly_arabica,2008-03-01,3.3
world_bank_pink_sheet_monthly_arabica,2008-04-01,3.1
world_bank_pink_sheet_monthly_arabica,2008-05-01,3.13
world_bank_pink_sheet_monthly_arabica,2008-06-01,3.22
world_bank_pink_sheet_monthly_arabica,2008-07-01,3.25
world_bank_pink_sheet_monthly_arabica,2008-08-01,3.23
world_bank_pink_sheet_monthly_arabica,2008-09-01,3.16
world_bank_pink_sheet_monthly_arabica,2008-10-01,2.72
world_bank_pink_sheet_monthly_arabica,2008-11-01,2.69
world_bank_pink_sheet_monthly_arabica,2008-12-01,2.62
world_bank_pink_sheet_monthly_arabica,2009-01-01,2.83
world_bank_pink_sheet_monthly_arabica,2009-02-01,2.85
world_bank_pink_sheet_monthly_arabica,2009-03-01,2.83
world_bank_pink_sheet_monthly_arabica,2009-04-01,2.97
world_bank_pink_sheet_monthly_arabica,2009-05-01,3.33
world_bank_pink_sheet_monthly_arabica,2009-06-01,3.3
world_bank_pink_sheet_monthly_arabica,2009-07-01,3.11
world_bank_pink_sheet_monthly_arabica,2009-08-01,3.3
world_bank_pink_sheet_monthly_arabica,2009-09-01,3.27
world_bank_pink_sheet_monthly_arabica,2009-10-01,3.41
world_bank_pink_sheet_monthly_arabica,2009-11-01,3.36
world_bank_pink_sheet_monthly_arabica,2009-12-01,3.49
world_bank_pink_sheet_monthly_arabica,2010-01-01,3.5
world_bank_pink_sheet_monthly_arabica,2010-02-01,3.48
world_bank_pink_sheet_monthly_arabica,2010-03-01,3.63
world_bank_pink_sheet_monthly_arabica,2010-04-01,3.73
world_bank_pink_sheet_monthly_arabica,2010-05-01,3.82
world_bank_pink_sheet_monthly_arabica,2010-06-01,4.21
world_bank_pink_sheet_monthly_arabica,2010-07-01,4.48
world_bank_pink_sheet_monthly_arabica,2010-08-01,4.66
world_bank_pink_sheet_monthly_arabica,2010-09-01,4.91
world_bank_pink_sheet_monthly_arabica,2010-10-01,4.8
world_bank_pink_sheet_monthly_arabica,2010-11-01,5.15
world_bank_pink_sheet_monthly_arabica,2010-12-01,5.47
world_bank_pink_sheet_monthly_arabica,2011-01-01,5.82
world_bank_pink_sheet_monthly_arabica,2011-02-01,6.35
world_bank_pink_sheet_monthly_arabica,2011-03-01,6.44
world_bank_pink_sheet_monthly_arabica,2011-04-01,6.62
world_bank_pink_sheet_monthly_arabica,2011-05-01,6.42
world_bank_pink_sheet_monthly_arabica,2011-06-01,6.06
world_bank_pink_sheet_monthly_arabica,2011-07-01,5.91
world_bank_pink_sheet_monthly_arabica,2011-08-01,5.96
world_bank_pink_sheet_monthly_arabica,2011-09-01,6.06
world_bank_pink_sheet_monthly_arabica,2011-10-01,5.46
world_bank_pink_sheet_monthly_arabica,2011-11-01,5.4
world_bank_pink_sheet_monthly_arabica,2011-12-01,5.22
world_bank_pink_sheet_monthly_arabica,2012-01-01,5.23
world_bank_pink_sheet_monthly_arabica,2012-02-01,4.94
world_bank_pink_sheet_monthly_arabica,2012-03-01,4.44
world_bank_pink_sheet_monthly_arabica,2012-04-01,4.22
world_bank_pink_sheet_monthly_arabica,2012-05-01,4.07
world_bank_pink_sheet_monthly_arabica,2012-06-01,3.72
world_bank_pink_sheet_monthly_arabica,2012-07-01,4.2
world_bank_pink_sheet_monthly_arabica,2012-08-01,3.85
world_bank_pink_sheet_monthly_arabica,2012-09-01,3.95
world_bank_pink_sheet_monthly_arabica,2012-10-01,3.82
world_bank_pink_sheet_monthly_arabica,2012-11-01,3.53
world_bank_pink_sheet_monthly_arabica,2012-12-01,3.37
world_bank_pink_sheet_monthly_arabica,2013-01-01,3.47
world_bank_pink_sheet_monthly_arabica,2013-02-01,3.3
world_bank_pink_sheet_monthly_arabica,2013-03-01,3.3
world_bank_pink_sheet_monthly_arabica,2013-04-01,3.3
world_bank_pink_sheet_monthly_arabica,2013-05-01,3.24
world_bank_pink_sheet_monthly_arabica,2013-06-01,3.05
world_bank_pink_sheet_monthly_arabica,2013-07-01,3.05
world_bank_pink_sheet_monthly_arabica,2013-08-01,2.98
world_bank_pink_sheet_monthly_arabica,2013-09-01,2.92
world_bank_pink_sheet_monthly_arabica,2013-10-01,2.84
world_bank_pink_sheet_monthly_arabica,2013-11-01,2.69
world_bank_pink_sheet_monthly_arabica,2013-12-01,2.78
world_bank_pink_sheet_monthly_arabica,2014-01-01,2.93
world_bank_pink_sheet_monthly_arabica,2014-02-01,3.83
world_bank_pink_sheet_monthly_arabica,2014-03-01,4.72
world_bank_pink_sheet_monthly_arabica,2014-04-01,4.93
world_bank_pink_sheet_monthly_arabica,2014-05-01,4.72
world_bank_pink_sheet_monthly_arabica,2014-06-01,4.36
world_bank_pink_sheet_monthly_arabica,2014-07-01,4.34
world_bank_pink_sheet_monthly_arabica,2014-08-01,4.7
world_bank_pink_sheet_monthly_arabica,2014-09-01,4.64
world_bank_pink_sheet_monthly_arabica,2014-10-01,4.97
world_bank_pink_sheet_monthly_arabica,2014-11-01,4.62
world_bank_pink_sheet_monthly_arabica,2014-12-01,4.34
world_bank_pink_sheet_monthly_arabica,2015-01-01,4.19
world_bank_pink_sheet_monthly_arabica,2015-02-01,3.94
world_bank_pink_sheet_monthly_arabica,2015-03-01,3.54
world_bank_pink_sheet_monthly_arabica,2015-04-01,3.62
world_bank_pink_sheet_monthly_arabica,2015-05-01,3.49
world_bank_pink_sheet_monthly_arabica,2015-06-01,3.52
world_bank_pink_sheet_monthly_arabica,2015-07-01,3.41
world_bank_pink_sheet_monthly_arabica,2015-08-01,3.46
world_bank_pink_sheet_monthly_arabica,2015-09-01,3.22
world_bank_pink_sheet_monthly_arabica,2015-10-01,3.38
world_bank_pink_sheet_monthly_arabica,2015-11-01,3.26
world_bank_pink_sheet_monthly_arabica,2015-12-01,3.28
world_bank_pink_sheet_monthly_arabica,2016-01-01,3.2
world_bank_pink_sheet_monthly_arabica,2016-02-01,3.26
world_bank_pink_sheet_monthly_arabica,2016-03-01,3.47
world_bank_pink_sheet_monthly_arabica,2016-04-01,3.4
world_bank_pink_sheet_monthly_arabica,2016-05-01,3.42
world_bank_pink_sheet_monthly_arabica,2016-06-01,3.65
world_bank_pink_sheet_monthly_arabica,2016-07-01,3.79
world_bank_pink_sheet_monthly_arabica,2016-08-01,3.69
world_bank_pink_sheet_monthly_arabica,2016-09-01,3.89
world_bank_pink_sheet_monthly_arabica,2016-10-01,3.95
world_bank_pink_sheet_monthly_arabica,2016-11-01,4.06
world_bank_pink_sheet_monthly_arabica,2016-12-01,3.57
world_bank_pink_sheet_monthly_arabica,2017-01-01,3.72
world_bank_pink_sheet_monthly_arabica,2017-02-01,3.67
world_bank_pink_sheet_monthly_arabica,2017-03-01,3.53
world_bank_pink_sheet_monthly_arabica,2017-04-01,3.43
world_bank_pink_sheet_monthly_arabica,2017-05-01,3.31
world_bank_pink_sheet_monthly_arabica,2017-06-01,3.16
world_bank_pink_sheet_monthly_arabica,2017-07-01,3.3
world_bank_pink_sheet_monthly_arabica,2017-08-01,3.3
world_bank_pink_sheet_monthly_arabica,2017-09-01,3.23
world_bank_pink_sheet_monthly_arabica,2017-10-01,3.1
world_bank_pink_sheet_monthly_arabica,2017-11-01,3.11
world_bank_pink_sheet_monthly_arabica,2017-12-01,3.03
world_bank_pink_sheet_monthly_arabica,2018-01-01,3.06
world_bank_pink_sheet_monthly_arabica,2018-02-01,3
world_bank_pink_sheet_monthly_arabica,2018-03-01,2.98
world_bank_pink_sheet_monthly_arabica,2018-04-01,2.96
world_bank_pink_sheet_monthly_arabica,2018-05-01,2.99
world_bank_pink_sheet_monthly_arabica,2018-06-01,2.95
world_bank_pink_sheet_monthly_arabica,2018-07-01,2.88
world_bank_pink_sheet_monthly_arabica,2018-08-01,2.76
world_bank_pink_sheet_monthly_arabica,2018-09-01,2.67
world_bank_pink_sheet_monthly_arabica,2018-10-01,3.03
world_bank_pink_sheet_monthly_arabica,2018-11-01,3.02
world_bank_pink_sheet_monthly_arabica,2018-12-01,2.8
world_bank_pink_sheet_monthly_arabica,2019-01-01,2.83
world_bank_pink_sheet_monthly_arabica,2019-02-01,2.83
world_bank_pink_sheet_monthly_arabica,2019-03-01,2.73
world_bank_pink_sheet_monthly_arabica,2019-04-01,2.67
world_bank_pink_sheet_monthly_arabica,2019-05-01,2.66
world_bank_pink_sheet_monthly_arabica,2019-06-01,2.86
world_bank_pink_sheet_monthly_arabica,2019-07-01,2.99
world_bank_pink_sheet_monthly_arabica,2019-08-01,2.78
world_bank_pink_sheet_monthly_arabica,2019-09-01,2.84
world_bank_pink_sheet_monthly_arabica,2019-10-01,2.8
world_bank_pink_sheet_monthly_arabica,2019-11-01,3.11
world_bank_pink_sheet_monthly_arabica,2019-12-01,3.46
world_bank_pink_sheet_monthly_arabica,2020-01-01,3.13
world_bank_pink_sheet_monthly_arabica,2020-02-01,2.99
world_bank_pink_sheet_monthly_arabica,2020-03-01,3.27
world_bank_pink_sheet_monthly_arabica,2020-04-01,3.41
world_bank_pink_sheet_monthly_arabica,2020-05-01,3.3
world_bank_pink_sheet_monthly_arabica,2020-06-01,3.12
world_bank_pink_sheet_monthly_arabica,2020-07-01,3.24
world_bank_pink_sheet_monthly_arabica,2020-08-01,3.6
world_bank_pink_sheet_monthly_arabica,2020-09-01,3.67
world_bank_pink_sheet_monthly_arabica,2020-10-01,3.35
world_bank_pink_sheet_monthly_arabica,2020-11-01,3.32
world_bank_pink_sheet_monthly_arabica,2020-12-01,3.48
world_bank_pink_sheet_monthly_arabica,2021-01-01,3.54
world_bank_pink_sheet_monthly_arabica,2021-02-01,3.67
world_bank_pink_sheet_monthly_arabica,2021-03-01,3.68
world_bank_pink_sheet_monthly_arabica,2021-04-01,3.72
world_bank_pink_sheet_monthly_arabica,2021-05-01,4.11
world_bank_pink_sheet_monthly_arabica,2021-06-01,4.24
world_bank_pink_sheet_monthly_arabica,2021-07-01,4.5
world_bank_pink_sheet_monthly_arabica,2021-08-01,4.77
world_bank_pink_sheet_monthly_arabica,2021-09-01,4.97
world_bank_pink_sheet_monthly_arabica,2021-10-01,5.31
world_bank_pink_sheet_monthly_arabica,2021-11-01,5.71
world_bank_pink_sheet_monthly_arabica,2021-12-01,5.91
world_bank_pink_sheet_monthly_arabica,2022-01-01,5.98
world_bank_pink_sheet_monthly_arabica,2022-02-01,6.17
world_bank_pink_sheet_monthly_arabica,2022-03-01,5.7
world_bank_pink_sheet_monthly_arabica,2022-04-01,5.85
world_bank_pink_sheet_monthly_arabica,2022-05-01,5.74
world_bank_pink_sheet_monthly_arabica,2022-06-01,6.03
world_bank_pink_sheet_monthly_arabica,2022-07-01,5.64
world_bank_pink_sheet_monthly_arabica,2022-08-01,5.92
world_bank_pink_sheet_monthly_arabica,2022-09-01,5.9
world_bank_pink_sheet_monthly_arabica,2022-10-01,5.29
world_bank_pink_sheet_monthly_arabica,2022-11-01,4.72
world_bank_pink_sheet_monthly_arabica,2022-12-01,4.63
world_bank_pink_sheet_monthly_arabica,2023-01-01,4.56
world_bank_pink_sheet_monthly_arabica,2023-02-01,5.06
world_bank_pink_sheet_monthly_arabica,2023-03-01,4.9
world_bank_pink_sheet_monthly_arabica,2023-04-01,5.06
world_bank_pink_sheet_monthly_arabica,2023-05-01,4.85
world_bank_pink_sheet_monthly_arabica,2023-06-01,4.57
world_bank_pink_sheet_monthly_arabica,2023-07-01,4.27
world_bank_pink_sheet_monthly_arabica,2023-08-01,4.12
world_bank_pink_sheet_monthly_arabica,2023-09-01,4.05
world_bank_pink_sheet_monthly_arabica,2023-10-01,4.05
world_bank_pink_sheet_monthly_arabica,2023-11-01,4.35
world_bank_pink_sheet_monthly_arabica,2023-12-01,4.65
world_bank_pink_sheet_monthly_arabica,2024-01-01,4.47
world_bank_pink_sheet_monthly_arabica,2024-02-01,4.6
world_bank_pink_sheet_monthly_arabica,2024-03-01,4.61
world_bank_pink_sheet_monthly_arabica,2024-04-01,5.27
world_bank_pink_sheet_monthly_arabica,2024-05-01,5.08
world_bank_pink_sheet_monthly_arabica,2024-06-01,5.48
world_bank_pink_sheet_monthly_arabica,2024-07-01,5.67
world_bank_pink_sheet_monthly_arabica,2024-08-01,5.76
world_bank_pink_sheet_monthly_arabica,2024-09-01,6.12
world_bank_pink_sheet_monthly_arabica,2024-10-01,6.1
world_bank_pink_sheet_monthly_arabica,2024-11-01,6.72
world_bank_pink_sheet_monthly_arabica,2024-12-01,7.57
world_bank_pink_sheet_monthly_arabica,2025-01-01,7.81
world_bank_pink_sheet_monthly_arabica,2025-02-01,9.05
world_bank_pink_sheet_monthly_arabica,2025-03-01,8.92
world_bank_pink_sheet_monthly_arabica,2025-04-01,8.64
world_bank_pink_sheet_monthly_arabica,2025-05-01,8.77
world_bank_pink_sheet_monthly_arabica,2025-06-01,8.01
world_bank_pink_sheet_monthly_arabica,2025-07-01,7.18
world_bank_pink_sheet_monthly_arabica,2025-08-01,8.08
world_bank_pink_sheet_monthly_arabica,2025-09-01,8.83
world_bank_pink_sheet_monthly_arabica,2025-10-01,8.9
world_bank_pink_sheet_monthly_arabica,2025-11-01,9.05
world_bank_pink_sheet_monthly_arabica,2025-12-01,8.4
world_bank_pink_sheet_monthly_arabica,2026-01-01,8.02
world_bank_pink_sheet_monthly_arabica,2026-02-01,7.08
world_bank_pink_sheet_monthly_arabica,2026-03-01,7.37
world_bank_pink_sheet_monthly_arabica,2026-04-01,7.3
world_bank_pink_sheet_monthly_arabica,2026-05-01,6.95
world_bank_pink_sheet_monthly_arabica,2026-06-01,6.79
world_bank_pink_sheet_monthly_arabica,2026-07-01,7.91
